{
    "x_impact": 372.6625337978357,
    "out_of_rail_velocity": 18.904312773708973,
    "lateral_surface_wind": 0.0,
    "impact_velocity": -5.568722088369098,
    "apogee_y": 224.41013464039185,
    "apogee": 3401.4185587371117,
    "max_mach_number": 0.6049423853841714,
    "out_of_rail_stability_margin": 2.1710531802525574,
    "apogee_x": 317.7795912292856,
    "t_final": 229.8195457110126,
    "frontal_surface_wind": 0.0,
    "apogee_time": 21.524782290759216,
    "initial_stability_margin": 2.0781643782173873,
    "y_impact": 262.9697158122671,
    "out_of_rail_time": 0.3969987568929141,
    "index": 3
}